USE DB127;

----inserts protou paradoteou-----------------------------------------


INSERT INTO Category VALUES('Proionta gia petreleokinitira');
INSERT INTO Category VALUES('Proionta gia venzinokinitira');
INSERT INTO Category VALUES('Proionta gia ilektriko kinitira');

INSERT INTO Product VALUES('AA0000000000001', '8inch cylinder Single Ring', 'Filtro Kausimou P', 5, 65, 1);
INSERT INTO Product VALUES('AB0000000002', 'Double Filter Size A', 'Filtro Kausimou V', 7, 83, 2);
INSERT INTO Product VALUES('CC100000003F', 'Isxis 50W 100Am', 'Mpataria Auto', 8, 105, 3);

INSERT INTO GeoArea VALUES('Attiki', 3500000);
INSERT INTO GeoArea VALUES('Thessaloniki', 1500000);
INSERT INTO GeoArea VALUES('Kriti', 600000);
INSERT INTO GeoArea VALUES('Ditiki Peloponnisos', 400000);

INSERT INTO Supplier VALUES('123456789', 'Antoniou Danis', 'Athina', '13467', 'Patission', '12a', 1);
INSERT INTO Supplier VALUES('134546782', 'Vaggelis Xatzis', 'Ano Poli', '24578', 'Alexandrou', '75', 2);
INSERT INTO Supplier VALUES('600054381', 'Sifis Liadakis', 'Rethimno', '10367', 'Spathon', '8', 3);

INSERT INTO SupPhone VALUES(1, '00302105236785');
INSERT INTO SupPhone VALUES(2, '00303106542876');
INSERT INTO SupPhone VALUES(3, '00304327655577');

INSERT INTO Supply VALUES('1234567890ABCDE', 'Filtro Kausimou P', 'Sifis Liadakis', '2020-09-16', 50, 'AA0000000000001', 3);
INSERT INTO Supply VALUES('4527627726TREFS', 'Mpataria Auto', 'Antoniou Danis', '2020-10-23', 45, 'CC100000003F', 1);
INSERT INTO Supply VALUES('8776726652SAWET', 'Filtro Kausimou V', 'Vaggelis Xatzis', '2020-06-14', 54, 'AB0000000002', 2);

INSERT INTO Customer VALUES('654321897', 'Car Parts & More', 'Chania', '43216', 'Isidotou', '122', 3);
INSERT INTO Customer VALUES('887400167', 'Car Service XR', 'Athina', '15772', 'Iokastis', '45B', 1);
INSERT INTO Customer VALUES('543287090', 'Automoto 3D', 'Thessaloniki', '16234', 'Agiou Dimitriou', '348', 2);
INSERT INTO Customer VALUES('134528543', 'SpeedMoto GT', 'Pirgos', '13010', 'Alanas', '7', 4);

INSERT INTO CustPhone VALUES(1, '00302134245635');
INSERT INTO CustPhone VALUES(2, '00302128645325');
INSERT INTO CustPhone VALUES(3, '00107144215679');
INSERT INTO CustPhone VALUES(4, '00302107715679');

INSERT INTO RegCust VALUES(1, 2000, 350);
INSERT INTO RegCust VALUES(2, 2000, 528);
INSERT INTO RegCust VALUES(3, 1500, 1270);

INSERT INTO Payment VALUES(1, '2020-12-01', 700, 'Car Parts & More');
INSERT INTO Payment VALUES(3, '2020-12-02', 1500, 'Automoto 3D');
INSERT INTO Payment VALUES(1, '2020-12-02', 850, 'Car Parts & More');

INSERT INTO Orderr VALUES('2020-11-25', '2020-11-19', 1);
INSERT INTO Orderr VALUES('2020-11-25', '2020-11-20', 3);
INSERT INTO Orderr VALUES('2020-12-14', '2020-12-07', 4);

INSERT INTO ConsistOf VALUES(1, 'AA0000000000001', 30);
INSERT INTO ConsistOf VALUES(2, 'CC100000003F', 15);
INSERT INTO ConsistOf VALUES(3, 'AB0000000002', 17);
INSERT INTO ConsistOf VALUES(3, 'AA0000000000001', 17);
INSERT INTO ConsistOf VALUES(3, 'CC100000003F', 5);



-------------insert 2o paradoteo----------------

USE DB127;

INSERT INTO Product VALUES('GD76543000012', '40WD Lipantiko Ygro', 'Ladi Mixanis Venzinokinitira', 15, 35, 2);
INSERT INTO Product VALUES('JX00030000333', '40WD Lipantiko Ygro', 'Ladi Mixanis Petreleokinitira', 16, 37, 1);
INSERT INTO Product VALUES('KLB5600007610a', 'Model 85A 1.5V', 'Esthitiras Anaflexis', 20, 165, 3);
INSERT INTO Product VALUES('CCNX97624387912', '3.5V 255Amp', 'Mpouzi', 112, 25, 2);
INSERT INTO Product VALUES('RSWA76324777007', 'Ypsilis Piesis', 'Mpek', 154, 30, 1);
INSERT INTO Product VALUES('SSD123456787659', 'Model 45E 1.5V', 'Esthitiras Ladiou', 67, 123, 3);

/*
SELECT * FROM Product;
*/

INSERT INTO GeoArea VALUES('Patra', 120000);
INSERT INTO GeoArea VALUES('Giannena', 75000);
INSERT INTO GeoArea VALUES('Argolida', 60000);
INSERT INTO GeoArea VALUES('Ditikes Kyklades', 40000);

/*
SELECT * FROM GeoArea;
*/

INSERT INTO Supplier VALUES('567832288', 'Baggos Tripas', 'Athina', '13453', 'Irakliou', '42', 1, '00302107754321');
INSERT INTO Supplier VALUES('458799921', 'Nikos Kappas', 'Toumpa', '24586', 'Fotiou', '11', 2, '00302203241562');
INSERT INTO Supplier VALUES('222333377', 'Giannis Ninios', 'Mikines', '15276', 'Theodamantos', '75', 7, '00302056743210');
INSERT INTO Supplier VALUES('190266560', 'Alexandros Agelis', 'Peristeri', '17725', 'Kaggeli', '104', 1, '00302105067288');
INSERT INTO Supplier VALUES('145627889', 'Pantelis Galinos', 'Gkazi', '13227', 'Thermopilon', '275', 1, '00302103276541');


/*
SELECT * FROM Supplier;
*/

INSERT INTO Supply VALUES('645289761668HGL', 'Ladi Mixanis Petreleokinitira', 'Baggos Tripas', '2012-03-17', 150, 'JX00030000333', 4);
INSERT INTO Supply VALUES('89006654333MNJ7', 'Mpek', 'Giannis Ninios', '2013-01-20', 145, 'RSWA76324777007', 6);
INSERT INTO Supply VALUES('65498787666QAZG', 'Filtro Kausimou V', 'Nikos Kappas', '2013-05-12', 254, 'AB0000000002', 5);
INSERT INTO Supply VALUES('776655987666TRL', 'Esthitiras Ladiou', 'Nikos Kappas', '2013-01-17', 110, 'SSD123456787659', 5);
INSERT INTO Supply VALUES('653231114490SWX', 'Esthitiras Anaflexis', 'Antoniou Danis', '2013-01-20', 75, 'KLB5600007610a', 1);
INSERT INTO Supply VALUES('979786055000KIM', 'Ladi Mixanis Venzinokinitira', 'Sifis Liadakis', '2012-04-03', 300, 'GD76543000012', 3);
INSERT INTO Supply VALUES('431253533568XSR', 'Filtro Kausimou P', 'Vaggelis Xatzis', '2012-07-27', 250, 'AA0000000000001', 2);
INSERT INTO Supply VALUES('67656548767887F', 'Ladi Mixanis Petreleokinitira', 'Baggos Tripas', '2012-10-25', 189, 'JX00030000333', 4);
INSERT INTO Supply VALUES('657577762888IUR', 'Filtro Kausimou V', 'Giannis Ninios', '2013-01-14', 310, 'AB0000000002', 6);
INSERT INTO Supply VALUES('875462763ACX67V', 'Ladi Mixanis Petreleokinitira', 'Alexandros Agelis', '2012-07-16', 300, 'JX00030000333', 7);
INSERT INTO Supply VALUES('12432255497BFD3', 'Mpek', 'Pantelis Galinos', '2013-01-19', 85, 'RSWA76324777007', 8);
INSERT INTO Supply VALUES('22318799965VPL7', 'Ladi Mixanis Venzinokinitira', 'Vaggelis Xatzis', '2012-08-15', 200, 'GD76543000012', 2);
INSERT INTO Supply VALUES('353553870053AQU', 'Esthitiras Ladiou', 'Giannis Ninios', '2013-08-27', 77, 'SSD123456787659', 6);
INSERT INTO Supply VALUES('543560189726THH', 'Mpataria Auto', 'Giannis Ninios', '2016-08-03', 250, 'CC100000003F', 6);
INSERT INTO Supply VALUES('758700988822BVE', 'Esthitiras Anaflexis', 'Sifis Liadakis', '2015-02-23', 120, 'KLB5600007610a', 3);
INSERT INTO Supply VALUES('899888999847QUJ', 'Mpouzi', 'Sifis Liadakis', '2012-02-17', 240, 'CCNX97624387912', 3);

/*
SELECT * FROM Supply;
*/

INSERT INTO Customer VALUES('645368889', 'AutoCar GenerationX', 'Rethimno', '43289', 'Kourakiou', '141', 3, '00302137434452');
INSERT INTO Customer VALUES('686864557', 'TripCar Agency', 'Athina', '15662', 'Adamantiou', '31', 1, '00302104535675');
INSERT INTO Customer VALUES('223242150', 'AuMoto ForU', 'Thessaloniki', '16589', 'Drosias', '98', 2, '00302137898008');
INSERT INTO Customer VALUES('898987673', 'PartsUnion', 'Argos', '12110', 'Fanouriou', '78', 7, '00302126576876');
INSERT INTO Customer VALUES('777785657', 'JustAuto', 'Ikaria', '53421', 'Tolipaki', '81a', 8, '00302156787213');
INSERT INTO Customer VALUES('787675454', 'VanMan A.E.', 'Patra', '13154', 'Kirkis', '10', 5, '00302104535675');
INSERT INTO Customer VALUES('333255511', 'CarMa', 'Giannena', '23580', 'Drakou', '128', 6, '00302168990007');
INSERT INTO Customer VALUES('678668999', 'EngineVibes', 'Syros', '12110', 'Fanouriou', '78', 8, '00302118909654');

/*
SELECT * FROM Customer;
*/

INSERT INTO RegCust VALUES(7, 2000, 410);
INSERT INTO RegCust VALUES(10, 2000, 723);
INSERT INTO RegCust VALUES(11, 2000, 1970);

/*
SELECT * FROM RegCust;
*/

INSERT INTO Payment VALUES(10, '2012-11-01', 1700, 'VanMan A.E.');
INSERT INTO Payment VALUES(10, '2013-01-02', 1500, 'VanMan A.E.');
INSERT INTO Payment VALUES(10, '2013-01-12', 850, 'VanMan A.E.');
INSERT INTO Payment VALUES(10, '2012-02-21', 570, 'VanMan A.E.');
INSERT INTO Payment VALUES(10, '2015-07-11', 2900, 'VanMan A.E.');
INSERT INTO Payment VALUES(7, '2012-03-04', 1235, 'AuMoto ForU');
INSERT INTO Payment VALUES(7, '2012-08-24', 250, 'AuMoto ForU');
INSERT INTO Payment VALUES(7, '2012-11-15', 2750, 'AuMoto ForU');
INSERT INTO Payment VALUES(7, '2012-12-22', 2550, 'AuMoto ForU');
INSERT INTO Payment VALUES(11, '2012-01-27', 1000, 'CarMa');
INSERT INTO Payment VALUES(11, '2012-03-26', 1273, 'CarMa');
INSERT INTO Payment VALUES(11, '2012-05-28', 761, 'CarMa');
INSERT INTO Payment VALUES(11, '2012-09-25', 2558, 'CarMa');
INSERT INTO Payment VALUES(11, '2012-11-27', 3680, 'CarMa');
INSERT INTO Payment VALUES(3, '2012-01-14', 1700, 'Automoto 3D');
INSERT INTO Payment VALUES(3, '2012-02-10', 1080, 'Automoto 3D');
INSERT INTO Payment VALUES(3, '2012-06-24', 1940, 'Automoto 3D');
INSERT INTO Payment VALUES(3, '2012-09-30', 2700, 'Automoto 3D');
INSERT INTO Payment VALUES(3, '2012-12-21', 735, 'Automoto 3D');
INSERT INTO Payment VALUES(2, '2012-01-17', 3700, 'Car Service XR');
INSERT INTO Payment VALUES(2, '2012-02-27', 630, 'Car Service XR');
INSERT INTO Payment VALUES(2, '2012-03-15', 2635, 'Car Service XR');
INSERT INTO Payment VALUES(2, '2012-07-28', 2000, 'Car Service XR');
INSERT INTO Payment VALUES(2, '2012-10-04', 783, 'Car Service XR');
INSERT INTO Payment VALUES(1, '2012-02-09', 5216, 'Car Parts & More');
INSERT INTO Payment VALUES(1, '2012-04-03', 4661, 'Car Parts & More');
INSERT INTO Payment VALUES(1, '2012-07-01', 745, 'Car Parts & More');
INSERT INTO Payment VALUES(1, '2012-12-20', 1328, 'Car Parts & More');
INSERT INTO Payment VALUES(1, '2012-12-29', 672, 'Car Parts & More');
INSERT INTO Payment VALUES(2, '2012-05-13', 869, 'Car Service XR');
INSERT INTO Payment VALUES(3, '2012-05-20', 985, 'Automoto 3D');
INSERT INTO Payment VALUES(11, '2012-05-20', 1129, 'CarMa');
INSERT INTO Payment VALUES(10, '2012-05-22', 2300, 'VanMan A.E.');

/*
SELECT * FROM Payment;
*/

INSERT INTO Orderr VALUES('2011-01-27', '2011-01-22', 1);
INSERT INTO Orderr VALUES('2011-03-25', '2011-03-20', 1);
INSERT INTO Orderr VALUES('2011-04-10', '2011-04-07', 1);
INSERT INTO Orderr VALUES('2011-07-11', '2011-07-06', 1);
INSERT INTO Orderr VALUES('2011-11-23', '2011-11-17', 1);
INSERT INTO Orderr VALUES('2012-03-14', '2012-03-10', 1);
INSERT INTO Orderr VALUES('2012-06-15', '2012-06-12', 1);
INSERT INTO Orderr VALUES('2012-10-24', '2012-10-21', 1);
INSERT INTO Orderr VALUES('2012-11-17', '2012-11-15', 1);
INSERT INTO Orderr VALUES('2013-06-14', '2013-06-10', 1);
INSERT INTO Orderr VALUES('2013-09-15', '2013-09-11', 1);
INSERT INTO Orderr VALUES('2011-04-10', '2011-04-07', 2);
INSERT INTO Orderr VALUES('2011-05-14', '2011-05-12', 2);
INSERT INTO Orderr VALUES('2011-10-09', '2011-10-07', 2);
INSERT INTO Orderr VALUES('2012-02-11', '2012-02-08', 2);
INSERT INTO Orderr VALUES('2012-04-24', '2012-04-20', 2);
INSERT INTO Orderr VALUES('2012-07-26', '2012-07-23', 2);
INSERT INTO Orderr VALUES('2012-10-24', '2012-10-20', 2);
INSERT INTO Orderr VALUES('2012-12-21', '2012-12-17', 2);
INSERT INTO Orderr VALUES('2018-04-22', '2018-04-20', 2);
INSERT INTO Orderr VALUES('2011-05-24', '2011-05-20', 3);
INSERT INTO Orderr VALUES('2011-07-22', '2011-07-17', 3);
INSERT INTO Orderr VALUES('2012-04-24', '2012-04-20', 3);
INSERT INTO Orderr VALUES('2012-07-24', '2012-07-20', 3);
INSERT INTO Orderr VALUES('2015-05-14', '2015-05-10', 3);
INSERT INTO Orderr VALUES('2011-09-24', '2011-09-20', 11);
INSERT INTO Orderr VALUES('2011-11-24', '2011-11-20', 11);
INSERT INTO Orderr VALUES('2012-11-24', '2012-11-20', 11);
INSERT INTO Orderr VALUES('2012-05-24', '2012-05-20', 7);
INSERT INTO Orderr VALUES('2013-07-24', '2013-07-21', 7);
INSERT INTO Orderr VALUES('2012-05-17', '2012-05-14', 9);
INSERT INTO Orderr VALUES('2013-05-16', '2013-05-12', 9);
INSERT INTO Orderr VALUES('2013-01-24', '2013-01-20', 8);
INSERT INTO Orderr VALUES('2013-01-14', '2013-01-10', 9);
INSERT INTO Orderr VALUES('2013-01-07', '2013-01-03', 10);
INSERT INTO Orderr VALUES('2013-01-18', '2013-01-15', 11);
INSERT INTO Orderr VALUES('2013-02-14', '2013-02-11', 8);
INSERT INTO Orderr VALUES('2017-02-05', '2017-02-01', 4);
INSERT INTO Orderr VALUES('2019-05-28', '2019-05-25', 7);

/*
SELECT * FROM Orderr;
*/

INSERT INTO ConsistOf VALUES(4, 'KLB5600007610a', 55);
INSERT INTO ConsistOf VALUES(4, 'CCNX97624387912', 107);
INSERT INTO ConsistOf VALUES(4, 'GD76543000012', 67);
INSERT INTO ConsistOf VALUES(5, 'SSD123456787659', 57);
INSERT INTO ConsistOf VALUES(5, 'CC100000003F', 15);
INSERT INTO ConsistOf VALUES(6, 'KLB5600007610a', 75);
INSERT INTO ConsistOf VALUES(6, 'CCNX97624387912', 87);
INSERT INTO ConsistOf VALUES(6, 'GD76543000012', 60);
INSERT INTO ConsistOf VALUES(7, 'RSWA76324777007', 26);
INSERT INTO ConsistOf VALUES(7, 'AA0000000000001', 40);
INSERT INTO ConsistOf VALUES(8, 'AB0000000002', 77);
INSERT INTO ConsistOf VALUES(8, 'GD76543000012', 152);
INSERT INTO ConsistOf VALUES(9, 'GD76543000012', 65);
INSERT INTO ConsistOf VALUES(9, 'SSD123456787659', 22);
INSERT INTO ConsistOf VALUES(10, 'CC100000003F', 5);
INSERT INTO ConsistOf VALUES(11, 'KLB5600007610a', 122);
INSERT INTO ConsistOf VALUES(11, 'SSD123456787659', 90);
INSERT INTO ConsistOf VALUES(12, 'SSD123456787659', 50);
INSERT INTO ConsistOf VALUES(12, 'RSWA76324777007', 29);
INSERT INTO ConsistOf VALUES(12, 'AA0000000000001', 45);
INSERT INTO ConsistOf VALUES(12, 'KLB5600007610a', 83);
INSERT INTO ConsistOf VALUES(13, 'CCNX97624387912', 110);
INSERT INTO ConsistOf VALUES(14, 'GD76543000012', 77);
INSERT INTO ConsistOf VALUES(14, 'SSD123456787659', 77);
INSERT INTO ConsistOf VALUES(15, 'CC100000003F', 25);
INSERT INTO ConsistOf VALUES(16, 'KLB5600007610a', 105);
INSERT INTO ConsistOf VALUES(17, 'CCNX97624387912', 43);
INSERT INTO ConsistOf VALUES(17, 'GD76543000012', 10);
INSERT INTO ConsistOf VALUES(18, 'RSWA76324777007', 20);
INSERT INTO ConsistOf VALUES(18, 'AA0000000000001', 30);
INSERT INTO ConsistOf VALUES(18, 'AB0000000002', 70);
INSERT INTO ConsistOf VALUES(19, 'GD76543000012', 15);
INSERT INTO ConsistOf VALUES(19, 'JX00030000333', 45);
INSERT INTO ConsistOf VALUES(20, 'SSD123456787659', 20);
INSERT INTO ConsistOf VALUES(21, 'CC100000003F', 35);
INSERT INTO ConsistOf VALUES(22, 'KLB5600007610a', 30);
INSERT INTO ConsistOf VALUES(22, 'SSD123456787659', 20);
INSERT INTO ConsistOf VALUES(23, 'SSD123456787659', 59);
INSERT INTO ConsistOf VALUES(24, 'RSWA76324777007', 75);
INSERT INTO ConsistOf VALUES(25, 'AA0000000000001', 72);
INSERT INTO ConsistOf VALUES(26, 'GD76543000012', 23);
INSERT INTO ConsistOf VALUES(26, 'SSD123456787659', 87);
INSERT INTO ConsistOf VALUES(27, 'CC100000003F', 25);
INSERT INTO ConsistOf VALUES(28, 'KLB5600007610a', 15);
INSERT INTO ConsistOf VALUES(29, 'CCNX97624387912', 200);
INSERT INTO ConsistOf VALUES(29, 'GD76543000012', 80);
INSERT INTO ConsistOf VALUES(29, 'RSWA76324777007', 61);
INSERT INTO ConsistOf VALUES(30, 'AA0000000000001', 40);
INSERT INTO ConsistOf VALUES(30, 'AB0000000002', 50);
INSERT INTO ConsistOf VALUES(30, 'GD76543000012', 70);
INSERT INTO ConsistOf VALUES(31, 'GD76543000012', 26);
INSERT INTO ConsistOf VALUES(31, 'SSD123456787659', 8);
INSERT INTO ConsistOf VALUES(32, 'KLB5600007610a', 54);
INSERT INTO ConsistOf VALUES(32, 'CCNX97624387912', 10);
INSERT INTO ConsistOf VALUES(33, 'GD76543000012', 65);
INSERT INTO ConsistOf VALUES(34, 'SSD123456787659', 25);
INSERT INTO ConsistOf VALUES(34, 'CC100000003F', 45);
INSERT INTO ConsistOf VALUES(35, 'KLB5600007610a', 125);
INSERT INTO ConsistOf VALUES(35, 'GD76543000012', 34);
INSERT INTO ConsistOf VALUES(36, 'SSD123456787659', 18);
INSERT INTO ConsistOf VALUES(37, 'CC100000003F', 77);
INSERT INTO ConsistOf VALUES(38, 'KLB5600007610a', 110);
INSERT INTO ConsistOf VALUES(39, 'GD76543000012', 30);
INSERT INTO ConsistOf VALUES(39, 'SSD123456787659', 35);
INSERT INTO ConsistOf VALUES(39, 'CC100000003F', 52);
INSERT INTO ConsistOf VALUES(39, 'KLB5600007610a', 111);
INSERT INTO ConsistOf VALUES(40, 'AB0000000002', 46);
INSERT INTO ConsistOf VALUES(40, 'GD76543000012', 37);
INSERT INTO ConsistOf VALUES(40, 'AA0000000000001', 38);
INSERT INTO ConsistOf VALUES(41, 'AB0000000002', 62);
INSERT INTO ConsistOf VALUES(41, 'SSD123456787659', 27);
INSERT INTO ConsistOf VALUES(41, 'RSWA76324777007', 14);
INSERT INTO ConsistOf VALUES(41, 'CC100000003F', 47);
INSERT INTO ConsistOf VALUES(42, 'KLB5600007610a', 80);
INSERT INTO ConsistOf VALUES(42, 'GD76543000012', 21);
INSERT INTO ConsistOf VALUES(42, 'AA0000000000001', 87);


/*
SELECT * FROM ConsistOf;
*/

